<?xml version="1.0" encoding="UTF-8"?>
<project-private xmlns="http://www.netbeans.org/ns/project-private/1">
    <editor-bookmarks xmlns="http://www.netbeans.org/ns/editor-bookmarks/2" lastBookmarkId="0"/>
    <open-files xmlns="http://www.netbeans.org/ns/projectui-open-files/2">
        <group>
            <file>file:/C:/Users/Fanny/Desktop/Sudoku_RC/Sudoku_RC/src/sudoku_rc/Visuel.java</file>
            <file>file:/C:/Users/Fanny/Desktop/Sudoku_RC/Sudoku_RC/src/sudoku_rc/Grille.java</file>
            <file>file:/C:/Users/Fanny/Desktop/Sudoku_RC/Sudoku_RC/src/sudoku_rc/GenererSudoku.java</file>
            <file>file:/C:/Users/Fanny/Desktop/Sudoku_RC/Sudoku_RC/src/sudoku_rc/Boutons.java</file>
            <file>file:/C:/Users/Fanny/Desktop/Sudoku_RC/Sudoku_RC/src/sudoku_rc/TroisAlgo.java</file>
            <file>file:/C:/Users/Fanny/Desktop/Sudoku_RC/Sudoku_RC/src/sudoku_rc/Algo_Sudoku.java</file>
            <file>file:/C:/Users/Fanny/Desktop/Sudoku_RC/Sudoku_RC/src/sudoku_rc/PremAlgo.java</file>
            <file>file:/C:/Users/Fanny/Desktop/Sudoku_RC/Sudoku_RC/src/sudoku_rc/Sudoku_RC.java</file>
            <file>file:/C:/Users/Fanny/Desktop/Sudoku_RC/Sudoku_RC/src/sudoku_rc/ChampTexte.java</file>
            <file>file:/C:/Users/Fanny/Desktop/Sudoku_RC/Sudoku_RC/src/sudoku_rc/DeuxAlgo.java</file>
        </group>
    </open-files>
</project-private>
