<?xml version="1.0" encoding="UTF-8"?>
<project-private xmlns="http://www.netbeans.org/ns/project-private/1">
    <editor-bookmarks xmlns="http://www.netbeans.org/ns/editor-bookmarks/2" lastBookmarkId="0"/>
    <open-files xmlns="http://www.netbeans.org/ns/projectui-open-files/2">
        <group>
            <file>file:/C:/Users/toine/Desktop/L3%20Maths-Info/Projet%20Maths-Info/Sudoku_Beta/src/sudoku_beta/Visuel.java</file>
            <file>file:/C:/Users/toine/Desktop/L3%20Maths-Info/Projet%20Maths-Info/Sudoku_Beta/src/sudoku_beta/DeuxAlgo.java</file>
            <file>file:/C:/Users/toine/Desktop/L3%20Maths-Info/Projet%20Maths-Info/Sudoku_Beta/src/sudoku_beta/PremAlgo.java</file>
            <file>file:/C:/Users/toine/Desktop/L3%20Maths-Info/Projet%20Maths-Info/Sudoku_Beta/src/sudoku_beta/Algo_Sudoku.java</file>
            <file>file:/C:/Users/toine/Desktop/L3%20Maths-Info/Projet%20Maths-Info/Sudoku_Beta/src/sudoku_beta/Sudoku_Beta.java</file>
            <file>file:/C:/Users/toine/Desktop/L3%20Maths-Info/Projet%20Maths-Info/Sudoku_Beta/src/sudoku_beta/ChampTexte.java</file>
            <file>file:/C:/Users/toine/Desktop/L3%20Maths-Info/Projet%20Maths-Info/Sudoku_Beta/src/sudoku_beta/GenererSudoku.java</file>
            <file>file:/C:/Users/toine/Desktop/L3%20Maths-Info/Projet%20Maths-Info/Sudoku_Beta/src/sudoku_beta/Grille.java</file>
            <file>file:/C:/Users/toine/Desktop/L3%20Maths-Info/Projet%20Maths-Info/Sudoku_Beta/src/sudoku_beta/Boutons.java</file>
        </group>
    </open-files>
</project-private>
