<?xml version="1.0" encoding="UTF-8"?>
<project-private xmlns="http://www.netbeans.org/ns/project-private/1">
    <editor-bookmarks xmlns="http://www.netbeans.org/ns/editor-bookmarks/2" lastBookmarkId="0"/>
    <open-files xmlns="http://www.netbeans.org/ns/projectui-open-files/2">
        <group>
            <file>file:/C:/Users/Fanny/Desktop/Sudoku_Alpha/src/sudoku_alpha/Grille.java</file>
            <file>file:/C:/Users/Fanny/Desktop/Sudoku_Alpha/src/sudoku_alpha/Sudoku_Alpha.java</file>
            <file>file:/C:/Users/Fanny/Desktop/Sudoku_Alpha/src/sudoku_alpha/ChampTexte.java</file>
            <file>file:/C:/Users/Fanny/Desktop/Sudoku_Alpha/src/sudoku_alpha/Boutons.java</file>
            <file>file:/C:/Users/Fanny/Desktop/Sudoku_Alpha/src/sudoku_alpha/Visuel.java</file>
        </group>
    </open-files>
</project-private>
