<?xml version="1.0" encoding="UTF-8"?>
<project-private xmlns="http://www.netbeans.org/ns/project-private/1">
    <editor-bookmarks xmlns="http://www.netbeans.org/ns/editor-bookmarks/2" lastBookmarkId="0"/>
    <open-files xmlns="http://www.netbeans.org/ns/projectui-open-files/2">
        <group>
            <file>file:/C:/Users/toine/Desktop/L3_Maths-Info/Projet%20Maths-Info/Sudoku_RC/src/sudoku_rc/DeuxAlgo.java</file>
            <file>file:/C:/Users/toine/Desktop/L3_Maths-Info/Projet%20Maths-Info/Sudoku_RC/src/sudoku_rc/PremAlgo.java</file>
            <file>file:/C:/Users/toine/Desktop/L3_Maths-Info/Projet%20Maths-Info/Sudoku_RC/src/sudoku_rc/Algo_Sudoku.java</file>
            <file>file:/C:/Users/toine/Desktop/L3_Maths-Info/Projet%20Maths-Info/Sudoku_RC/src/sudoku_rc/Tests.java</file>
        </group>
    </open-files>
</project-private>
